<?xml version="1.0" encoding="UTF-8" standalone="yes"?>
<items xmlns:xsi="http://www.w3.org/2001/XMLSchema-instance">
	<item>
		<id>1</id>
		<code>stoneblock</code>
		<name>Stone</name>
		<quantity>64</quantity>
		<max>256</max>
	</item>
	<item>
		<id>2</id>
		<code>grass</code>
		<name>Grass</name>
		<quantity>1</quantity>
		<max>32</max>
	</item>
	<item>
		<id>3</id>
		<code>dirtblock</code>
		<name>Dirt</name>
		<quantity>64</quantity>
		<max>256</max>
	</item>
	<item>
		<id>4</id>
		<code>cobbleblock</code>
		<name>Cobblestone</name>
		<quantity>64</quantity>
		<max>256</max>
	</item>
	<item>
		<id>5</id>
		<code>woodenplank</code>
		<name>Wooden Plank</name>
		<quantity>1</quantity>
		<max>32</max>
	</item>
	<item>
		<id>6</id>
		<code>sapling</code>
		<name>Sapling</name>
		<quantity>1</quantity>
		<max>32</max>
	</item>
	<item>
		<id>8</id>
		<code>water</code>
		<name>Water</name>
		<quantity>0</quantity>
		<max>0</max>
	</item>
	<item>
		<id>9</id>
		<code>stationarywater</code>
		<name>Stationary water</name>
		<quantity>0</quantity>
		<max>0</max>
	</item>
	<item>
		<id>10</id>
		<code>lava</code>
		<name>Lava</name>
		<quantity>0</quantity>
		<max>0</max>
	</item>
	<item>
		<id>11</id>
		<code>stationarylava</code>
		<name>Stationary lava</name>
		<quantity>0</quantity>
		<max>0</max>
	</item>
	<item>
		<id>12</id>
		<code>sandblock</code>
		<name>Sand</name>
		<quantity>64</quantity>
		<max>256</max>
	</item>
	<item>
		<id>13</id>
		<code>gravelblock</code>
		<name>Gravel</name>
		<quantity>64</quantity>
		<max>256</max>
	</item>
	<item>
		<id>14</id>
		<code>goldore</code>
		<name>Gold (Ore)</name>
		<quantity>1</quantity>
		<max>32</max>
	</item>
	<item>
		<id>15</id>
		<code>ironore</code>
		<name>Iron (Ore)</name>
		<quantity>1</quantity>
		<max>32</max>
	</item>
	<item>
		<id>16</id>
		<code>coalore</code>
		<name>Coal (Ore)</name>
		<quantity>1</quantity>
		<max>32</max>
	</item>
	<item>
		<id>17</id>
		<code>woodblock</code>
		<name>Wood</name>
		<quantity>64</quantity>
		<max>256</max>
	</item>
	<item>
		<id>18</id>
		<code>leaves</code>
		<name>Leaves</name>
		<quantity>1</quantity>
		<max>32</max>
	</item>
	<item>
		<id>19</id>
		<code>sponge</code>
		<name>Sponge</name>
		<quantity>1</quantity>
		<max>32</max>
	</item>
	<item>
		<id>20</id>
		<code>glassblock</code>
		<name>Glass</name>
		<quantity>64</quantity>
		<max>256</max>
	</item>
	<item>
		<id>21</id>
		<code>lapislazuliore</code>
		<name>Lapis Lazuli (Ore)</name>
		<quantity>1</quantity>
		<max>32</max>
	</item>
	<item>
		<id>22</id>
		<code>lapislazuliblock</code>
		<name>Lapis Lazuli (Block)</name>
		<quantity>64</quantity>
		<max>256</max>
	</item>
	<item>
		<id>23</id>
		<code>dispenser</code>
		<name>Dispenser</name>
		<quantity>1</quantity>
		<max>32</max>
	</item>
	<item>
		<id>24</id>
		<code>sandstoneblock</code>
		<name>Sandstone</name>
		<quantity>64</quantity>
		<max>256</max>
	</item>
	<item>
		<id>25</id>
		<code>noteblock</code>
		<name>Note Block</name>
		<quantity>64</quantity>
		<max>256</max>
	</item>
	<item>
		<id>35</id>
		<code>wool</code>
		<name>Wool</name>
		<quantity>1</quantity>
		<max>32</max>
	</item>
	<item>
		<id>37</id>
		<code>dandelion</code>
		<name>Dandelion</name>
		<quantity>1</quantity>
		<max>32</max>
	</item>
	<item>
		<id>38</id>
		<code>rose</code>
		<name>Rose</name>
		<quantity>1</quantity>
		<max>32</max>
	</item>
	<item>
		<id>39</id>
		<code>brownmushroom</code>
		<name>Brown Mushroom</name>
		<quantity>1</quantity>
		<max>32</max>
	</item>
	<item>
		<id>40</id>
		<code>redmushroom</code>
		<name>Red Mushroom</name>
		<quantity>1</quantity>
		<max>32</max>
	</item>
	<item>
		<id>41</id>
		<code>goldblock</code>
		<name>Gold (Block)</name>
		<quantity>64</quantity>
		<max>256</max>
	</item>
	<item>
		<id>42</id>
		<code>ironblock</code>
		<name>Iron (Block)</name>
		<quantity>64</quantity>
		<max>256</max>
	</item>
	<item>
		<id>43</id>
		<code>doubleslabs</code>
		<name>Double Slabs</name>
		<quantity>0</quantity>
		<max>0</max>
	</item>
	<item>
		<id>44</id>
		<code>slabs</code>
		<name>Slabs</name>
		<quantity>1</quantity>
		<max>32</max>
	</item>
	<item>
		<id>45</id>
		<code>brickblock</code>
		<name>Brick (Block)</name>
		<quantity>64</quantity>
		<max>256</max>
	</item>
	<item>
		<id>46</id>
		<code>tnt</code>
		<name>TNT</name>
		<quantity>0</quantity>
		<max>0</max>
	</item>
	<item>
		<id>47</id>
		<code>bookshelf</code>
		<name>Bookshelf</name>
		<quantity>1</quantity>
		<max>32</max>
	</item>
	<item>
		<id>48</id>
		<code>mossstone</code>
		<name>Moss Stone</name>
		<quantity>1</quantity>
		<max>32</max>
	</item>
	<item>
		<id>49</id>
		<code>obsidianblock</code>
		<name>Obsidian</name>
		<quantity>64</quantity>
		<max>256</max>
	</item>
	<item>
		<id>50</id>
		<code>torch</code>
		<name>Torch</name>
		<quantity>64</quantity>
		<max>256</max>
	</item>
	<item>
		<id>51</id>
		<code>fire</code>
		<name>Fire</name>
		<quantity>0</quantity>
		<max>0</max>
	</item>
	<item>
		<id>52</id>
		<code>monsterspawner</code>
		<name>Monster Spawner</name>
		<quantity>0</quantity>
		<max>0</max>
	</item>
	<item>
		<id>53</id>
		<code>woodenstairs</code>
		<name>Wooden Stairs</name>
		<quantity>1</quantity>
		<max>32</max>
	</item>
	<item>
		<id>54</id>
		<code>chest</code>
		<name>Chest</name>
		<quantity>1</quantity>
		<max>32</max>
	</item>
	<item>
		<id>55</id>
		<code>redstonewire</code>
		<name>Redstone (Wire)</name>
		<quantity>1</quantity>
		<max>32</max>
	</item>
	<item>
		<id>56</id>
		<code>diamondore</code>
		<name>Diamond (Ore)</name>
		<quantity>1</quantity>
		<max>32</max>
	</item>
	<item>
		<id>57</id>
		<code>diamondblock</code>
		<name>Diamond (Block)</name>
		<quantity>64</quantity>
		<max>256</max>
	</item>
	<item>
		<id>58</id>
		<code>craftingtable</code>
		<name>Crafting Table</name>
		<quantity>1</quantity>
		<max>32</max>
	</item>
	<item>
		<id>59</id>
		<code>seedsitem</code>
		<name>Seeds (Item)</name>
		<quantity>1</quantity>
		<max>32</max>
	</item>
	<item>
		<id>60</id>
		<code>farming</code>
		<name>Farming</name>
		<quantity>1</quantity>
		<max>32</max>
	</item>
	<item>
		<id>61</id>
		<code>furnace</code>
		<name>Furnace</name>
		<quantity>1</quantity>
		<max>32</max>
	</item>
	<item>
		<id>62</id>
		<code>burningfurnace</code>
		<name>Burning Furnace</name>
		<quantity>0</quantity>
		<max>0</max>
	</item>
	<item>
		<id>63</id>
		<code>signpost</code>
		<name>Sign Post</name>
		<quantity>1</quantity>
		<max>32</max>
	</item>
	<item>
		<id>64</id>
		<code>woodendoors</code>
		<name>Wooden Doors</name>
		<quantity>1</quantity>
		<max>32</max>
	</item>
	<item>
		<id>65</id>
		<code>ladders</code>
		<name>Ladders</name>
		<quantity>64</quantity>
		<max>256</max>
	</item>
	<item>
		<id>66</id>
		<code>rails</code>
		<name>Rails</name>
		<quantity>64</quantity>
		<max>256</max>
	</item>
	<item>
		<id>67</id>
		<code>cobblestonestairs</code>
		<name>Cobblestone Stairs</name>
		<quantity>1</quantity>
		<max>32</max>
	</item>
	<item>
		<id>68</id>
		<code>wallsign</code>
		<name>Wall Sign</name>
		<quantity>1</quantity>
		<max>32</max>
	</item>
	<item>
		<id>69</id>
		<code>lever</code>
		<name>Lever</name>
		<quantity>1</quantity>
		<max>32</max>
	</item>
	<item>
		<id>70</id>
		<code>stonepressureplates</code>
		<name>Stone Pressure Plates</name>
		<quantity>1</quantity>
		<max>32</max>
	</item>
	<item>
		<id>71</id>
		<code>irondoors</code>
		<name>Iron Doors</name>
		<quantity>1</quantity>
		<max>32</max>
	</item>
	<item>
		<id>72</id>
		<code>woodenpressureplates</code>
		<name>Wooden Pressure Plates</name>
		<quantity>1</quantity>
		<max>32</max>
	</item>
	<item>
		<id>73</id>
		<code>redstoneore</code>
		<name>Redstone (Ore)</name>
		<quantity>1</quantity>
		<max>32</max>
	</item>
	<item>
		<id>74</id>
		<code>glowingredstoneore</code>
		<name>Glowing Redstone Ore</name>
		<quantity>0</quantity>
		<max>0</max>
	</item>
	<item>
		<id>75</id>
		<code>redstonetorch</code>
		<name>Redstone (Torch)</name>
		<quantity>1</quantity>
		<max>32</max>
	</item>
	<item>
		<id>76</id>
		<code>redstonetorch</code>
		<name>Redstone (Torch)</name>
		<quantity>0</quantity>
		<max>0</max>
	</item>
	<item>
		<id>77</id>
		<code>stonebutton</code>
		<name>Stone Button</name>
		<quantity>1</quantity>
		<max>32</max>
	</item>
	<item>
		<id>78</id>
		<code>snow</code>
		<name>Snow</name>
		<quantity>1</quantity>
		<max>32</max>
	</item>
	<item>
		<id>79</id>
		<code>ice</code>
		<name>Ice</name>
		<quantity>1</quantity>
		<max>32</max>
	</item>
	<item>
		<id>80</id>
		<code>snowblock</code>
		<name>Snow (Block)</name>
		<quantity>64</quantity>
		<max>256</max>
	</item>
	<item>
		<id>81</id>
		<code>cactus</code>
		<name>Cactus</name>
		<quantity>1</quantity>
		<max>32</max>
	</item>
	<item>
		<id>82</id>
		<code>clayblock</code>
		<name>Clay (Block)</name>
		<quantity>64</quantity>
		<max>256</max>
	</item>
	<item>
		<id>83</id>
		<code>sugarcane</code>
		<name>Sugar Cane</name>
		<quantity>1</quantity>
		<max>32</max>
	</item>
	<item>
		<id>84</id>
		<code>jukebox</code>
		<name>Jukebox</name>
		<quantity>1</quantity>
		<max>32</max>
	</item>
	<item>
		<id>85</id>
		<code>fence</code>
		<name>Fence</name>
		<quantity>64</quantity>
		<max>256</max>
	</item>
	<item>
		<id>86</id>
		<code>pumpkin</code>
		<name>Pumpkin</name>
		<quantity>1</quantity>
		<max>32</max>
	</item>
	<item>
		<id>87</id>
		<code>netherrack</code>
		<name>Netherrack</name>
		<quantity>1</quantity>
		<max>32</max>
	</item>
	<item>
		<id>88</id>
		<code>soulsand</code>
		<name>Soul Sand</name>
		<quantity>1</quantity>
		<max>32</max>
	</item>
	<item>
		<id>89</id>
		<code>glowstoneblock</code>
		<name>Glowstone (Block)</name>
		<quantity>64</quantity>
		<max>256</max>
	</item>
	<item>
		<id>90</id>
		<code>portal</code>
		<name>Portal</name>
		<quantity>0</quantity>
		<max>0</max>
	</item>
	<item>
		<id>92</id>
		<code>cake</code>
		<name>Cake</name>
		<quantity>1</quantity>
		<max>32</max>
	</item>
	<item>
		<id>93</id>
		<code>redstonerepeater</code>
		<name>Redstone (Repeater)</name>
		<quantity>1</quantity>
		<max>32</max>
	</item>
	<item>
		<id>94</id>
		<code>redstonerepeateronstate</code>
		<name>Redstone Repeater ("on" state)</name>
		<quantity>1</quantity>
		<max>32</max>
	</item>
	<item>
		<id>95</id>
		<code>lockedchest</code>
		<name>Locked Chest</name>
		<quantity>0</quantity>
		<max>0</max>
	</item>
	<item>
		<id>256</id>
		<code>ironingot</code>
		<name>Iron Ingot</name>
		<quantity>1</quantity>
		<max>32</max>
	</item>
	<item>
		<id>257</id>
		<code>ironpickaxe</code>
		<name>Iron Pickaxe</name>
		<quantity>1</quantity>
		<max>32</max>
	</item>
	<item>
		<id>258</id>
		<code>ironaxe</code>
		<name>Iron Axe</name>
		<quantity>1</quantity>
		<max>32</max>
	</item>
	<item>
		<id>259</id>
		<code>flintandsteel</code>
		<name>Flint and Steel</name>
		<quantity>1</quantity>
		<max>32</max>
	</item>
	<item>
		<id>260</id>
		<code>apple</code>
		<name>Apple</name>
		<quantity>1</quantity>
		<max>32</max>
	</item>
	<item>
		<id>261</id>
		<code>bow</code>
		<name>Bow</name>
		<quantity>1</quantity>
		<max>32</max>
	</item>
	<item>
		<id>262</id>
		<code>arrow</code>
		<name>Arrow</name>
		<quantity>64</quantity>
		<max>256</max>
	</item>
	<item>
		<id>263</id>
		<code>coal</code>
		<name>Coal</name>
		<quantity>1</quantity>
		<max>32</max>
	</item>
	<item>
		<id>264</id>
		<code>diamondgem</code>
		<name>Diamond (gem)</name>
		<quantity>1</quantity>
		<max>32</max>
	</item>
	<item>
		<id>265</id>
		<code>ironingot</code>
		<name>Iron Ingot</name>
		<quantity>1</quantity>
		<max>32</max>
	</item>
	<item>
		<id>266</id>
		<code>goldingot</code>
		<name>Gold Ingot</name>
		<quantity>1</quantity>
		<max>32</max>
	</item>
	<item>
		<id>267</id>
		<code>ironsword</code>
		<name>Iron Sword</name>
		<quantity>1</quantity>
		<max>32</max>
	</item>
	<item>
		<id>268</id>
		<code>planks</code>
		<name>Planks</name>
		<quantity>1</quantity>
		<max>32</max>
	</item>
	<item>
		<id>269</id>
		<code>woodenshovel</code>
		<name>Wooden Shovel</name>
		<quantity>1</quantity>
		<max>32</max>
	</item>
	<item>
		<id>270</id>
		<code>woodenpickaxe</code>
		<name>Wooden Pickaxe</name>
		<quantity>1</quantity>
		<max>32</max>
	</item>
	<item>
		<id>271</id>
		<code>woodenaxe</code>
		<name>Wooden Axe</name>
		<quantity>1</quantity>
		<max>32</max>
	</item>
	<item>
		<id>272</id>
		<code>stonesword</code>
		<name>Stone Sword</name>
		<quantity>1</quantity>
		<max>32</max>
	</item>
	<item>
		<id>273</id>
		<code>stoneshovel</code>
		<name>Stone Shovel</name>
		<quantity>1</quantity>
		<max>32</max>
	</item>
	<item>
		<id>274</id>
		<code>stonepickaxe</code>
		<name>Stone Pickaxe</name>
		<quantity>1</quantity>
		<max>32</max>
	</item>
	<item>
		<id>275</id>
		<code>stoneaxe</code>
		<name>Stone Axe</name>
		<quantity>1</quantity>
		<max>32</max>
	</item>
	<item>
		<id>276</id>
		<code>diamondsword</code>
		<name>Diamond Sword</name>
		<quantity>1</quantity>
		<max>32</max>
	</item>
	<item>
		<id>277</id>
		<code>diamondshovel</code>
		<name>Diamond Shovel</name>
		<quantity>1</quantity>
		<max>32</max>
	</item>
	<item>
		<id>278</id>
		<code>diamondpickaxe</code>
		<name>Diamond Pickaxe</name>
		<quantity>1</quantity>
		<max>32</max>
	</item>
	<item>
		<id>279</id>
		<code>diamondaxe</code>
		<name>Diamond Axe</name>
		<quantity>1</quantity>
		<max>32</max>
	</item>
	<item>
		<id>280</id>
		<code>stick</code>
		<name>Stick</name>
		<quantity>64</quantity>
		<max>256</max>
	</item>
	<item>
		<id>281</id>
		<code>bowl</code>
		<name>Bowl</name>
		<quantity>1</quantity>
		<max>32</max>
	</item>
	<item>
		<id>282</id>
		<code>mushroomsoup</code>
		<name>Mushroom Soup</name>
		<quantity>1</quantity>
		<max>32</max>
	</item>
	<item>
		<id>283</id>
		<code>goldsword</code>
		<name>Gold Sword</name>
		<quantity>1</quantity>
		<max>32</max>
	</item>
	<item>
		<id>284</id>
		<code>goldshovel</code>
		<name>Gold Shovel</name>
		<quantity>1</quantity>
		<max>32</max>
	</item>
	<item>
		<id>285</id>
		<code>goldpickaxe</code>
		<name>Gold Pickaxe</name>
		<quantity>1</quantity>
		<max>32</max>
	</item>
	<item>
		<id>286</id>
		<code>goldaxe</code>
		<name>Gold Axe</name>
		<quantity>1</quantity>
		<max>32</max>
	</item>
	<item>
		<id>287</id>
		<code>string</code>
		<name>String</name>
		<quantity>1</quantity>
		<max>32</max>
	</item>
	<item>
		<id>288</id>
		<code>feather</code>
		<name>Feather</name>
		<quantity>1</quantity>
		<max>32</max>
	</item>
	<item>
		<id>289</id>
		<code>gunpowder</code>
		<name>Gunpowder</name>
		<quantity>1</quantity>
		<max>32</max>
	</item>
	<item>
		<id>290</id>
		<code>woodenhoe</code>
		<name>Wooden Hoe</name>
		<quantity>1</quantity>
		<max>32</max>
	</item>
	<item>
		<id>291</id>
		<code>stonehoe</code>
		<name>Stone Hoe</name>
		<quantity>1</quantity>
		<max>32</max>
	</item>
	<item>
		<id>292</id>
		<code>ironhoe</code>
		<name>Iron Hoe</name>
		<quantity>1</quantity>
		<max>32</max>
	</item>
	<item>
		<id>293</id>
		<code>diamondhoe</code>
		<name>Diamond Hoe</name>
		<quantity>1</quantity>
		<max>32</max>
	</item>
	<item>
		<id>294</id>
		<code>goldhoe</code>
		<name>Gold Hoe</name>
		<quantity>1</quantity>
		<max>32</max>
	</item>
	<item>
		<id>295</id>
		<code>seedsitem</code>
		<name>Seeds (Item)</name>
		<quantity>1</quantity>
		<max>32</max>
	</item>
	<item>
		<id>296</id>
		<code>wheat</code>
		<name>Wheat</name>
		<quantity>1</quantity>
		<max>32</max>
	</item>
	<item>
		<id>297</id>
		<code>bread</code>
		<name>Bread</name>
		<quantity>1</quantity>
		<max>32</max>
	</item>
	<item>
		<id>298</id>
		<code>leatherhelmet</code>
		<name>Leather Helmet</name>
		<quantity>1</quantity>
		<max>32</max>
	</item>
	<item>
		<id>299</id>
		<code>leatherchestplate</code>
		<name>Leather Chestplate</name>
		<quantity>1</quantity>
		<max>32</max>
	</item>
	<item>
		<id>300</id>
		<code>leatherleggings</code>
		<name>Leather Leggings</name>
		<quantity>1</quantity>
		<max>32</max>
	</item>
	<item>
		<id>301</id>
		<code>leatherboots</code>
		<name>Leather Boots</name>
		<quantity>1</quantity>
		<max>32</max>
	</item>
	<item>
		<id>302</id>
		<code>chainarmorhelmet</code>
		<name>Chain Armor Helmet</name>
		<quantity>1</quantity>
		<max>32</max>
	</item>
	<item>
		<id>303</id>
		<code>chainarmorchestplate</code>
		<name>Chain Armor Chestplate</name>
		<quantity>1</quantity>
		<max>32</max>
	</item>
	<item>
		<id>304</id>
		<code>chainarmorleggings</code>
		<name>Chain Armor Leggings</name>
		<quantity>1</quantity>
		<max>32</max>
	</item>
	<item>
		<id>305</id>
		<code>chainarmorboots</code>
		<name>Chain Armor Boots</name>
		<quantity>1</quantity>
		<max>32</max>
	</item>
	<item>
		<id>306</id>
		<code>ironhelmet</code>
		<name>Iron Helmet</name>
		<quantity>1</quantity>
		<max>32</max>
	</item>
	<item>
		<id>307</id>
		<code>ironchestplate</code>
		<name>Iron Chestplate</name>
		<quantity>1</quantity>
		<max>32</max>
	</item>
	<item>
		<id>308</id>
		<code>ironleggings</code>
		<name>Iron Leggings</name>
		<quantity>1</quantity>
		<max>32</max>
	</item>
	<item>
		<id>309</id>
		<code>ironboots</code>
		<name>Iron Boots</name>
		<quantity>1</quantity>
		<max>32</max>
	</item>
	<item>
		<id>310</id>
		<code>diamondhelmet</code>
		<name>Diamond Helmet</name>
		<quantity>1</quantity>
		<max>32</max>
	</item>
	<item>
		<id>311</id>
		<code>diamondchestplate</code>
		<name>Diamond Chestplate</name>
		<quantity>1</quantity>
		<max>32</max>
	</item>
	<item>
		<id>312</id>
		<code>diamondleggings</code>
		<name>Diamond Leggings</name>
		<quantity>1</quantity>
		<max>32</max>
	</item>
	<item>
		<id>313</id>
		<code>diamondboots</code>
		<name>Diamond Boots</name>
		<quantity>1</quantity>
		<max>32</max>
	</item>
	<item>
		<id>314</id>
		<code>goldhelmet</code>
		<name>Gold Helmet</name>
		<quantity>1</quantity>
		<max>32</max>
	</item>
	<item>
		<id>315</id>
		<code>goldchestplate</code>
		<name>Gold Chestplate</name>
		<quantity>1</quantity>
		<max>32</max>
	</item>
	<item>
		<id>316</id>
		<code>goldleggings</code>
		<name>Gold Leggings</name>
		<quantity>1</quantity>
		<max>32</max>
	</item>
	<item>
		<id>317</id>
		<code>goldboots</code>
		<name>Gold Boots</name>
		<quantity>1</quantity>
		<max>32</max>
	</item>
	<item>
		<id>318</id>
		<code>flint</code>
		<name>Flint</name>
		<quantity>1</quantity>
		<max>32</max>
	</item>
	<item>
		<id>319</id>
		<code>rawporkchop</code>
		<name>Raw Porkchop</name>
		<quantity>1</quantity>
		<max>32</max>
	</item>
	<item>
		<id>320</id>
		<code>cookedporkchop</code>
		<name>Cooked Porkchop</name>
		<quantity>1</quantity>
		<max>32</max>
	</item>
	<item>
		<id>321</id>
		<code>paintings</code>
		<name>Paintings</name>
		<quantity>1</quantity>
		<max>32</max>
	</item>
	<item>
		<id>322</id>
		<code>goldenapple</code>
		<name>Golden Apple</name>
		<quantity>1</quantity>
		<max>32</max>
	</item>
	<item>
		<id>323</id>
		<code>sign</code>
		<name>Sign</name>
		<quantity>1</quantity>
		<max>32</max>
	</item>
	<item>
		<id>324</id>
		<code>woodendoor</code>
		<name>Wooden door</name>
		<quantity>1</quantity>
		<max>32</max>
	</item>
	<item>
		<id>325</id>
		<code>bucket</code>
		<name>Bucket</name>
		<quantity>1</quantity>
		<max>32</max>
	</item>
	<item>
		<id>326</id>
		<code>waterbucket</code>
		<name>Water Bucket</name>
		<quantity>1</quantity>
		<max>32</max>
	</item>
	<item>
		<id>327</id>
		<code>lavabucket</code>
		<name>Lava Bucket</name>
		<quantity>1</quantity>
		<max>32</max>
	</item>
	<item>
		<id>328</id>
		<code>minecart</code>
		<name>Minecart</name>
		<quantity>1</quantity>
		<max>32</max>
	</item>
	<item>
		<id>329</id>
		<code>saddle</code>
		<name>Saddle</name>
		<quantity>1</quantity>
		<max>32</max>
	</item>
	<item>
		<id>330</id>
		<code>irondoor</code>
		<name>Iron door</name>
		<quantity>1</quantity>
		<max>32</max>
	</item>
	<item>
		<id>331</id>
		<code>redstonedust</code>
		<name>Redstone (dust)</name>
		<quantity>1</quantity>
		<max>32</max>
	</item>
	<item>
		<id>332</id>
		<code>snowball</code>
		<name>Snowball</name>
		<quantity>1</quantity>
		<max>32</max>
	</item>
	<item>
		<id>333</id>
		<code>boat</code>
		<name>Boat</name>
		<quantity>1</quantity>
		<max>32</max>
	</item>
	<item>
		<id>334</id>
		<code>leather</code>
		<name>Leather</name>
		<quantity>1</quantity>
		<max>32</max>
	</item>
	<item>
		<id>335</id>
		<code>milk</code>
		<name>Milk</name>
		<quantity>1</quantity>
		<max>32</max>
	</item>
	<item>
		<id>336</id>
		<code>claybrick</code>
		<name>Clay Brick</name>
		<quantity>1</quantity>
		<max>32</max>
	</item>
	<item>
		<id>337</id>
		<code>clay</code>
		<name>Clay</name>
		<quantity>1</quantity>
		<max>32</max>
	</item>
	<item>
		<id>338</id>
		<code>sugarcane</code>
		<name>Sugar Cane</name>
		<quantity>1</quantity>
		<max>32</max>
	</item>
	<item>
		<id>339</id>
		<code>paper</code>
		<name>Paper</name>
		<quantity>1</quantity>
		<max>32</max>
	</item>
	<item>
		<id>340</id>
		<code>book</code>
		<name>Book</name>
		<quantity>1</quantity>
		<max>32</max>
	</item>
	<item>
		<id>341</id>
		<code>slimeball</code>
		<name>Slimeball</name>
		<quantity>1</quantity>
		<max>32</max>
	</item>
	<item>
		<id>342</id>
		<code>storageminecart</code>
		<name>Storage Minecart</name>
		<quantity>1</quantity>
		<max>32</max>
	</item>
	<item>
		<id>343</id>
		<code>poweredminecart</code>
		<name>Powered Minecart</name>
		<quantity>1</quantity>
		<max>32</max>
	</item>
	<item>
		<id>344</id>
		<code>egg</code>
		<name>Egg</name>
		<quantity>1</quantity>
		<max>32</max>
	</item>
	<item>
		<id>345</id>
		<code>compass</code>
		<name>Compass</name>
		<quantity>1</quantity>
		<max>32</max>
	</item>
	<item>
		<id>346</id>
		<code>fishingrod</code>
		<name>Fishing Rod</name>
		<quantity>1</quantity>
		<max>32</max>
	</item>
	<item>
		<id>347</id>
		<code>clock</code>
		<name>Clock</name>
		<quantity>1</quantity>
		<max>32</max>
	</item>
	<item>
		<id>348</id>
		<code>glowstonedust</code>
		<name>Glowstone (Dust)</name>
		<quantity>1</quantity>
		<max>32</max>
	</item>
	<item>
		<id>349</id>
		<code>fish</code>
		<name>Fish</name>
		<quantity>1</quantity>
		<max>32</max>
	</item>
	<item>
		<id>350</id>
		<code>cookedfish</code>
		<name>Cooked Fish</name>
		<quantity>1</quantity>
		<max>32</max>
	</item>
	<item>
		<id>351</id>
		<code>dye</code>
		<name>Dye</name>
		<quantity>1</quantity>
		<max>32</max>
	</item>
	<item>
		<id>352</id>
		<code>bone</code>
		<name>Bone</name>
		<quantity>1</quantity>
		<max>32</max>
	</item>
	<item>
		<id>353</id>
		<code>sugar</code>
		<name>Sugar</name>
		<quantity>1</quantity>
		<max>32</max>
	</item>
	<item>
		<id>354</id>
		<code>cake</code>
		<name>Cake</name>
		<quantity>1</quantity>
		<max>32</max>
	</item>
	<item>
		<id>355</id>
		<code>bed</code>
		<name>Bed</name>
		<quantity>1</quantity>
		<max>32</max>
	</item>
	<item>
		<id>356</id>
		<code>redstonerepeater</code>
		<name>Redstone Repeater</name>
		<quantity>1</quantity>
		<max>32</max>
	</item>
	<item>
		<id>357</id>
		<code>cookie</code>
		<name>Cookie</name>
		<quantity>1</quantity>
		<max>32</max>
	</item>
	<item>
		<id>2256</id>
		<code>goldmusicdisc</code>
		<name>Gold Music Disc</name>
		<quantity>1</quantity>
		<max>32</max>
	</item>
	<item>
		<id>2257</id>
		<code>greenmusicdisc</code>
		<name>Green Music Disc</name>
		<quantity>1</quantity>
		<max>32</max>
	</item>
</items>
