<?xml version="1.0"?>
<items>
  <item>
    <code>sugarcane</code>
    <quantity>1</quantity>
    <max>1</max>
    <id>83</id>
  </item>
  <item>
    <code>bed</code>
    <quantity>1</quantity>
    <max>1</max>
    <id>26</id>
  </item>
  <item>
    <code>bedrock</code>
    <quantity>1</quantity>
    <max>0</max>
    <id>07</id>
  </item>
  <item>
    <code>bookshelf</code>
    <quantity>1</quantity>
    <max>1</max>
    <id>47</id>
  </item>
  <item>
    <code>brick</code>
    <quantity>64</quantity>
    <max>256</max>
    <id>45</id>
  </item>
  <item>
    <code>brownmushroom</code>
    <quantity>1</quantity>
    <max>1</max>
    <id>39</id>
  </item>
  <item>
    <code>cactus</code>
    <quantity>64</quantity>
    <max>256</max>
    <id>81</id>
  </item>
  <item>
    <code>cake</code>
    <quantity>1</quantity>
    <max>1</max>
    <id>92</id>
  </item>
  <item>
    <code>chest</code>
    <quantity>1</quantity>
    <max>1</max>
    <id>54</id>
  </item>
  <item>
    <code>clayblock</code>
    <quantity>64</quantity>
    <max>256</max>
    <id>82</id>
  </item>
  <item>
    <code>coalblock</code>
    <quantity>64</quantity>
    <max>256</max>
    <id>16</id>
  </item>
  <item>
    <code>cobblestone</code>
    <quantity>64</quantity>
    <max>256</max>
    <id>04</id>
  </item>
  <item>
    <code>cobblestairs</code>
    <quantity>64</quantity>
    <max>64</max>
    <id>67</id>
  </item>
  <item>
    <code>craftingtable</code>
    <quantity>1</quantity>
    <max>1</max>
    <id>58</id>
  </item>
  <item>
    <code>crops</code>
    <quantity>1</quantity>
    <max>1</max>
    <id>59</id>
  </item>
  <item>
    <code>diamondblock</code>
    <quantity>64</quantity>
    <max>256</max>
    <id>57</id>
  </item>
  <item>
    <code>diamondore</code>
    <quantity>64</quantity>
    <max>64</max>
    <id>56</id>
  </item>
  <item>
    <code>dirt</code>
    <quantity>64</quantity>
    <max>64</max>
    <id>03</id>
  </item>
  <item>
    <code>dispenser</code>
    <quantity>1</quantity>
    <max>1</max>
    <id>23</id>
  </item>
  <item>
    <code>farmland</code>
    <quantity>1</quantity>
    <max>1</max>
    <id>60</id>
  </item>
  <item>
    <code>fence</code>
    <quantity>64</quantity>
    <max>256</max>
    <id>85</id>
  </item>
  <item>
    <code>fire</code>
    <quantity>1</quantity>
    <max>0</max>
    <id>51</id>
  </item>
  <item>
    <code>furnace</code>
    <quantity>1</quantity>
    <max>1</max>
    <id>61</id>
  </item>
  <item>
    <code>glass</code>
    <quantity>64</quantity>
    <max>256</max>
    <id>20</id>
  </item>
  <item>
    <code>glowstoneblock</code>
    <quantity>64</quantity>
    <max>256</max>
    <id>89</id>
  </item>
  <item>
    <code>goldblock</code>
    <quantity>64</quantity>
    <max>256</max>
    <id>41</id>
  </item>
  <item>
    <code>goldore</code>
    <quantity>1</quantity>
    <max>1</max>
    <id>14</id>
  </item>
  <item>
    <code>grass</code>
    <quantity>1</quantity>
    <max>1</max>
    <id>02</id>
  </item>
  <item>
    <code>gravel</code>
    <quantity>64</quantity>
    <max>256</max>
    <id>13</id>
  </item>
  <item>
    <code>ice</code>
    <quantity>64</quantity>
    <max>256</max>
    <id>79</id>
  </item>
  <item>
    <code>ironblock</code>
    <quantity>64</quantity>
    <max>256</max>
    <id>42</id>
  </item>
  <item>
    <code>irondoor</code>
    <quantity>1</quantity>
    <max>1</max>
    <id>71</id>
  </item>
  <item>
    <code>ironore</code>
    <quantity>64</quantity>
    <max>256</max>
    <id>15</id>
  </item>
  <item>
    <code>jack-o-lantern</code>
    <quantity>1</quantity>
    <max>1</max>
    <id>91</id>
  </item>
  <item>
    <code>jukebox</code>
    <quantity>1</quantity>
    <max>1</max>
    <id>84</id>
  </item>
  <item>
    <code>ladder</code>
    <quantity>1</quantity>
    <max>1</max>
    <id>65</id>
  </item>
  <item>
    <code>lapislazuli</code>
    <quantity>1</quantity>
    <max>1</max>
    <id>21</id>
  </item>
  <item>
    <code>lapislazuliblock</code>
    <quantity>64</quantity>
    <max>256</max>
    <id>22</id>
  </item>
  <item>
    <code>lava</code>
    <quantity>1</quantity>
    <max>0</max>
    <id>10</id>
  </item>
  <item>
    <code>lavastationary</code>
    <quantity>1</quantity>
    <max>0</max>
    <id>11</id>
  </item>
  <item>
    <code>leaves</code>
    <quantity>1</quantity>
    <max>1</max>
    <id>18</id>
  </item>
  <item>
    <code>lever</code>
    <quantity>1</quantity>
    <max>1</max>
    <id>69</id>
  </item>
  <item>
    <code>monsterspawner</code>
    <quantity>1</quantity>
    <max>1</max>
    <id>52</id>
  </item>
  <item>
    <code>mossblock</code>
    <quantity>64</quantity>
    <max>256</max>
    <id>48</id>
  </item>
  <item>
    <code>netherrack</code>
    <quantity>1</quantity>
    <max>0</max>
    <id>87</id>
  </item>
  <item>
    <code>noteblock</code>
    <quantity>64</quantity>
    <max>256</max>
    <id>25</id>
  </item>
  <item>
    <code>obsidian</code>
    <quantity>64</quantity>
    <max>256</max>
    <id>49</id>
  </item>
  <item>
    <code>portal</code>
    <quantity>1</quantity>
    <max>0</max>
    <id>90</id>
  </item>
  <item>
    <code>pumpkin</code>
    <quantity>1</quantity>
    <max>1</max>
    <id>86</id>
  </item>
  <item>
    <code>rails</code>
    <quantity>64</quantity>
    <max>256</max>
    <id>66</id>
  </item>
  <item>
    <code>redmushroom</code>
    <quantity>1</quantity>
    <max>1</max>
    <id>40</id>
  </item>
  <item>
    <code>redrose</code>
    <quantity>1</quantity>
    <max>1</max>
    <id>38</id>
  </item>
  <item>
    <code>redstone</code>
    <quantity>1</quantity>
    <max>1</max>
    <id>73</id>
  </item>
  <item>
    <code>redstonerepeater</code>
    <quantity>1</quantity>
    <max>1</max>
    <id>94</id>
  </item>
  <item>
    <code>redstonerepeaterinactive</code>
    <quantity>1</quantity>
    <max>1</max>
    <id>93</id>
  </item>
  <item>
    <code>redstonetorch</code>
    <quantity>1</quantity>
    <max>1</max>
    <id>76</id>
  </item>
  <item>
    <code>redstonetorchinactive</code>
    <quantity>1</quantity>
    <max>1</max>
    <id>75</id>
  </item>
  <item>
    <code>redstonewire)</code>
    <quantity>1</quantity>
    <max>1</max>
    <id>55</id>
  </item>
  <item>
    <code>sand</code>
    <quantity>64</quantity>
    <max>256</max>
    <id>12</id>
  </item>
  <item>
    <code>sandstone</code>
    <quantity>64</quantity>
    <max>256</max>
    <id>24</id>
  </item>
  <item>
    <code>sapling</code>
    <quantity>1</quantity>
    <max>1</max>
    <id>06</id>
  </item>
  <item>
    <code>sign</code>
    <quantity>1</quantity>
    <max>1</max>
    <id>63</id>
  </item>
  <item>
    <code>snow</code>
    <quantity>1</quantity>
    <max>1</max>
    <id>78</id>
  </item>
  <item>
    <code>snowblock</code>
    <quantity>64</quantity>
    <max>256</max>
    <id>80</id>
  </item>
  <item>
    <code>soulsand</code>
    <quantity>1</quantity>
    <max>1</max>
    <id>88</id>
  </item>
  <item>
    <code>sponge</code>
    <quantity>1</quantity>
    <max>1</max>
    <id>19</id>
  </item>
  <item>
    <code>stationarywater</code>
    <quantity>1</quantity>
    <max>1</max>
    <id>09</id>
  </item>
  <item>
    <code>stone</code>
    <quantity>1</quantity>
    <max>1</max>
    <id>01</id>
  </item>
  <item>
    <code>stonebutton</code>
    <quantity>1</quantity>
    <max>1</max>
    <id>77</id>
  </item>
  <item>
    <code>stoneplate</code>
    <quantity>1</quantity>
    <max>1</max>
    <id>70</id>
  </item>
  <item>
    <code>stoneslab</code>
    <quantity>1</quantity>
    <max>1</max>
    <id>44</id>
  </item>
  <item>
    <code>tnt</code>
    <quantity>1</quantity>
    <max>0</max>
    <id>46</id>
  </item>
  <item>
    <code>torch</code>
    <quantity>64</quantity>
    <max>256</max>
    <id>50</id>
  </item>
  <item>
    <code>wallsign</code>
    <quantity>1</quantity>
    <max>0</max>
    <id>68</id>
  </item>
  <item>
    <code>water</code>
    <quantity>1</quantity>
    <max>1</max>
    <id>08</id>
  </item>
  <item>
    <code>whitewool</code>
    <quantity>1</quantity>
    <max>1</max>
    <id>35</id>
  </item>
  <item>
    <code>wood</code>
    <quantity>64</quantity>
    <max>256</max>
    <id>17</id>
  </item>
  <item>
    <code>woodendoor</code>
    <quantity>1</quantity>
    <max>1</max>
    <id>64</id>
  </item>
  <item>
    <code>woodenplank</code>
    <quantity>1</quantity>
    <max>1</max>
    <id>05</id>
  </item>
  <item>
    <code>woodenplate</code>
    <quantity>1</quantity>
    <max>1</max>
    <id>72</id>
  </item>
  <item>
    <code>woodenstairs</code>
    <quantity>1</quantity>
    <max>1</max>
    <id>53</id>
  </item>
  <item>
    <code>yellowflower</code>
    <quantity>1</quantity>
    <max>1</max>
    <id>37</id>
  </item>
</items>