<?xml version="1.0"?>
<messages>
	<message>
  	<name>StartupComplete</name>
		<type>Regex</type>
		<rule>^(?&lt;timestamp&gt;.+?)\ \[INFO]\ Done\ \((?&lt;time&gt;\d+)ns\)!\ For\ help,\ type\ "help"\ or\ "\?"$</rule>
	</message>
  <message>
		<name>SaveComplete</name>
		<type>EndsWith</type>
		<rule>[INFO] CONSOLE: Save complete</rule>
	</message>
  <message>
		<name>ErrorPortBusy</name>
		<type>EndsWith</type>
		<rule>[WARNING] **** FAILED TO BIND TO PORT!</rule>
	</message>
  <message>
		<name>SaveStarted</name>
		<type>EndsWith</type>
		<rule>[INFO] CONSOLE: Forcing save..</rule>
	</message>
  <message>
		<name>UserLoggedIn</name>
		<type>Regex</type>
		<rule>^(?&lt;timestamp&gt;.+?)\[INFO]\ (?&lt;username&gt;\w+?)\ \[(?&lt;address&gt;.+?)]\ logged\ in with entity id (?&lt;entityid&gt;.*?)$</rule>
	</message>
  <message>
		<name>UserLoggedOut</name>
		<type>Regex</type>
		<rule>^(?&lt;timestamp&gt;.+?)\[INFO]\ (?&lt;username&gt;\w+?)\ lost\ connection:\ (?&lt;reason&gt;.+?)$</rule>
	</message>
  <message>
		<name>AutoSaveEnabled</name>
		<type>EndsWith</type>
		<rule>[INFO] CONSOLE: Enabling level saving..</rule>
	</message>
  <message>
		<name>AutoSaveDisabled</name>
		<type>EndsWith</type>
		<rule>[INFO] CONSOLE: Disabling level saving..</rule>
	</message>
  <message>
		<name>UserList</name>
		<type>Regex</type>
		<rule>^(?&lt;timestamp&gt;.+?)\[INFO]\ Connected\ players:\ (?&lt;userlist&gt;.*?)$</rule>
	</message>
  <message>
		<name>UserCount</name>
		<type>Regex</type>
		<rule>^Player\ count:\ (?&lt;count&gt;\d+)$</rule>
	</message>
  <message>
		<name>MinecraftBanner</name>
		<type>Regex</type>
		<rule>^(?&lt;timestamp&gt;.+?)\[INFO]\ Starting\ minecraft\ server\ version\ (?&lt;version&gt;.*?)$</rule>
	</message>
  <message>
		<name>ErrorInvalidMove</name>
		<type>Regex</type>
		<rule>^(?&lt;timestamp&gt;.+?)\[WARNING]\ (?&lt;username&gt;\w+?)\ moved\ wrongly!$</rule>
	</message>
  <message>
		<name>OpUser</name>
		<type>Regex</type>
		<rule>^(?&lt;timestamp&gt;.+?)\[INFO]\ CONSOLE:\ Opping (?&lt;username&gt;\w+?)$</rule>
	</message>
  <message>
		<name>DeopUser</name>
		<type>Regex</type>
		<rule>^(?&lt;timestamp&gt;.+?)\[INFO]\ CONSOLE:\ De-opping (?&lt;username&gt;\w+?)$</rule>
	</message>
  <message>
		<name>BanningUser</name>
		<type>Regex</type>
		<rule>^(?&lt;timestamp&gt;.+?)\[INFO]\ CONSOLE:\ Banning (?&lt;username&gt;\w+?)$</rule>
	</message>
  <message>
    <name>WhiteListOn</name>
    <type>EndsWith</type>
    <rule>[INFO] CONSOLE: Turned on white-listing</rule>
  </message>
  <message>
    <name>WhiteListOff</name>
    <type>EndsWith</type>
    <rule>[INFO] CONSOLE: Turned off white-listing</rule>
  </message>
  <message>
    <name>PardoningUser</name>
    <type>Regex</type>
    <rule>^(?&lt;timestamp&gt;.+?)\[INFO]\ CONSOLE:\ Pardoning (?&lt;username&gt;\w+?)$</rule>
  </message>
  <message>
    <name>ServerCommand</name>
    <type>Regex</type>
    <rule>^(?&lt;timestamp&gt;.+?)\[INFO]\ (?&lt;username&gt;\w+?)\ issued\ server\ command:(?&lt;command&gt;.*?)$</rule>
  </message>
</messages>